state,county,netprice
Texas,Shackelford County,56308.9623
California,Siskiyou County,2959.5016
Texas,Coryell County,163716.8142
Texas,Kimble County,8126.7334
Texas,Comal County,95509.3316
Oklahoma,Canadian County,8750.0
Texas,Grimes County,15030.3232
Texas,Borden County,1450.0523
Oklahoma,Harper County,1368.6728
Tennessee,Rhea County,11761.7647
Texas,Castro County,3214.7684
Wisconsin,Saint Croix County,10204.6036
Texas,Karnes County,8524.7725
Louisiana,Saint Martin Parish,22412.7665
Texas,Bexar County,71216.9875
North Carolina,Dare County,17588.2353
Arkansas,Baxter County,14110.729
Texas,Medina County,8275.7054
Louisiana,Calcasieu Parish,27967.561
Oklahoma,Garfield County,14700.7422
Montana,Rosebud County,474.8982
Louisiana,Vernon Parish,6096.1815
Texas,Williamson County,51379.1483
New York,Richmond County,8556.0642
Louisiana,Beauregard Parish,7775.1115
Texas,Dimmit County,2521.3186
New York,Chenango County,1824.3243
Texas,Gillespie County,22742.7044
Oklahoma,Roger Mills County,1853.3554
Texas,Dickens County,954.1803
Texas,Jackson County,5009.2133
Texas,Kerr County,13507.7602
Texas,Burleson County,11158.729
Oklahoma,Washita County,6219.631
Texas,Collin County,218762.8997
Louisiana,St John The Baptist Parish,34604.2271
Arkansas,Randolph County,2126.5749
Louisiana,Union Parish,3903.1408
Texas,Newton County,3947.3154
Louisiana,Iberia Parish,130246.636
Texas,Sabine County,3000.0
Louisiana,Terrebonne Parish,60870.1262
Texas,Atascosa County,13055.8697
Texas,Lipscomb County,3474.2943
Nebraska,Lancaster County,9983.3611
Arkansas,Izard County,3290.6192
Texas,Floyd County,954.8315
Oklahoma,Cleveland County,70778.2003
South Dakota,Custer County,214843.75
Missouri,Stoddard County,40860.2151
Texas,Donley County,1293.0194
Texas,Armstrong County,3321.0108
Texas,Ward County,21091.8919
Texas,Sherman County,1413.9959
Louisiana,Jefferson Davis Parish,8231.3888
Colorado,Cheyenne County,0.0001
Oklahoma,Alfalfa County,2464.6368
Tennessee,Lewis County,3533.5062
Oklahoma,McClain County,2750.0
Texas,Jones County,4687.4359
Texas,Kleberg County,29153.7278
Texas,Refugio County,5462.1137
Texas,Jim Hogg County,2946.1356
Louisiana,Madison Parish,2903.5659
Missouri,Ozark County,2758.6207
Arkansas,Union County,137339.0558
Texas,Moore County,2617.4554
Louisiana,Richland Parish,4203.765
Mississippi,Adams County,2777.7778
Texas,Wharton County,7160.9734
Louisiana,Franklin Parish,3465.4604
Louisiana,Avoyelles Parish,7129.6151
Texas,Motley County,851.9949
Texas,Carson County,2596.3898
New York,Putnam County,49552.8199
Texas,Mitchell County,1420.9061
Texas,Live Oak County,5215.2394
Texas,Fayette County,15490.898
Arkansas,Franklin County,2666.8822
Texas,Van Zandt County,14471.2505
Louisiana,Pointe Coupee Parish,127027.027
Texas,Galveston County,180189.422
Texas,Kenedy County,1216.0804
North Carolina,Person County,5208.6957
Texas,Harris County,203969.4659
Texas,Kendall County,28231.201
Arkansas,Cleburne County,42279.6698
Louisiana,Cameron Parish,2603.252
Oklahoma,Custer County,5141.7782
Texas,Andrews County,5450.0494
Texas,Cherokee County,22500.0
Texas,Val Verde County,858.9921
Louisiana,Saint James Parish,514705.8824
New York,Columbia County,60192.6164
Texas,Robertson County,2735.3386
Texas,Hemphill County,9830.4575
Oklahoma,Kiowa County,7865.5472
Louisiana,Rapides Parish,35982.6981
Louisiana,Saint Helena Parish,4148.8525
Louisiana,Jackson Parish,2818.5026
Arkansas,Independence County,14418.2347
Texas,Garza County,11853.3878
Texas,Brewster County,780.528
Louisiana,Morehouse Parish,2579.3548
Louisiana,West Carroll Parish,2799.2116
Texas,Ochiltree County,7129.0436
Texas,Wise County,5800.0
Texas,Uvalde County,3832.5432
Texas,Callahan County,6771.7944
Florida,Lake County,64489.2473
Arkansas,Boone County,7410.8939
Arkansas,Faulkner County,9705.5177
Texas,Brooks County,2826.0632
Texas,Hartley County,2698.4445
Oklahoma,Creek County,7380.4611
Texas,Loving County,2390.0751
Oklahoma,Grant County,1112.5493
Texas,Dawson County,10915.3024
Oklahoma,Noble County,804.8692
Texas,Cochran County,2661.455
Oklahoma,Jefferson County,11363.6364
Mississippi,Attala County,2400.0
Texas,Haskell County,1961.3663
Texas,Montgomery County,22668.2169
Texas,Blanco County,29197.9923
Texas,Brown County,420000.0
Texas,Yoakum County,3794.6599
Texas,Henderson County,23960.0843
New York,Westchester County,366406.1949
Texas,Ector County,70744.8323
Louisiana,East Baton Rouge Parish,24347.752
Texas,Kinney County,2956.3761
Arkansas,Sharp County,6528.3796
Oklahoma,Rogers County,22588.7317
Texas,Frio County,3265.1101
Texas,Navarro County,19887.8976
Arkansas,Washington County,78335.5758
Louisiana,Ouachita Parish,10958.4516
Louisiana,Saint Landry Parish,33963.2162
Texas,Upton County,5472.0063
Mississippi,Pearl River County,1900.0
Texas,Anderson County,6272.7273
Texas,Crane County,1162.4204
Colorado,Crowley County,758.0357
Oklahoma,Tulsa County,84460.1863
Texas,Hardeman County,1776.8175
Texas,Culberson County,702.6818
Louisiana,Plaquemines Parish,193832.4421
Georgia,Clayton County,30921.0526
Texas,Winkler County,209080.9969
Texas,Coleman County,3460.1451
Oklahoma,Blaine County,4251.5822
Arkansas,Jackson County,179329.6089
Missouri,Wright County,3966.6667
Texas,Bailey County,1769.7593
Texas,Coke County,2750.0173
California,Plumas County,25253.3784
Texas,Madison County,11121.3843
Texas,Victoria County,19108.7025
Arkansas,Lawrence County,45691.2638
Texas,Lubbock County,31091.9025
Texas,King County,1276.1403
Louisiana,Lafayette Parish,113362.4859
Texas,Liberty County,5569.5663
Oklahoma,Payne County,8214.4734
Wisconsin,Buffalo County,8417.5084
Texas,Caldwell County,8017.3108
Texas,Hansford County,573787.8788
Arkansas,Carroll County,13662.5077
Texas,Foard County,1455.3122
Texas,Deaf Smith County,2140.5043
Louisiana,West Baton Rouge Parish,550673.4748
Oklahoma,Mayes County,33399.2974
Texas,La Salle County,2603.3987
Texas,Grayson County,47796.3509
Texas,Duval County,2394.0905
Utah,Sanpete County,51238.0952
Arkansas,Grant County,40625.0
Texas,Denton County,334633.7783
Texas,Crockett County,962.9092
Texas,Brazoria County,22587.9558
Texas,Randall County,12322.1837
Texas,Briscoe County,1781.1423
Texas,Howard County,7117.9435
Texas,Collingsworth County,1425.5583
Oklahoma,Wagoner County,46034.8624
Oregon,Jackson County,35717.5192
Texas,Hale County,9342.051
Georgia,Chattahoochee County,1995.0125
New York,Dutchess County,255577.6
Louisiana,Saint Mary Parish,154694.7822
Texas,Roberts County,2815.066
Texas,Lamb County,4325.2353
Colorado,Gunnison County,2566.3717
Texas,Reeves County,15544.4976
Texas,Angelina County,261904.7619
Texas,Dewitt County,10936.31
Texas,Fisher County,1183.3034
Texas,Zavala County,3195.9299
Louisiana,Acadia Parish,3417.7736
Texas,Oldham County,611.2625
Texas,Austin County,19737.6888
Colorado,Costilla County,2930.5913
Texas,Cameron County,82673.9558
Texas,Wilson County,14017.279
Missouri,Dallas County,6207.5472
Texas,San Patricio County,61568.9945
Texas,Trinity County,1995.0
Wyoming,Platte County,1657.6644
Louisiana,Lincoln Parish,5864.7279
Texas,Jim Wells County,5349.4066
Texas,Washington County,21174.3258
Oklahoma,Harmon County,1125.0
Arkansas,Newton County,3491.6149
Texas,Hays County,85619.1889
Louisiana,Tensas Parish,3156.0284
Texas,Lynn County,13231.4783
Texas,Nueces County,98677.0928
Texas,Dallam County,1098.6774
Texas,Taylor County,11354.0533
Texas,Bastrop County,21263.2828
Oklahoma,Beaver County,1450.7809
Texas,Crosby County,954.7036
Texas,McMullen County,3617.3487
Texas,Waller County,21950.222
Oklahoma,Woods County,2707.1854
California,San Luis Obispo County,3176.6754
New York,Lewis County,61800.0
Texas,Maverick County,4761.9344
Texas,Terrell County,385.5357
Texas,Brazos County,25629.9417
Oklahoma,Major County,3294.3461
Oklahoma,Beckham County,6492.901
Texas,Hockley County,12553.7861
Oklahoma,Oklahoma County,94009.8619
Texas,Hardin County,5016.6573
Arkansas,Poinsett County,23125.5103
Missouri,Laclede County,13830.7692
Texas,Presidio County,824.4385
California,Calaveras County,3947.3684
Oklahoma,Cotton County,1902.1739
Oklahoma,Comanche County,2750.0
Texas,Travis County,93789.905
Oklahoma,Dewey County,2062.8779
Texas,Martin County,11221.7093
Texas,Falls County,10600.0
Texas,Burnet County,25815.2423
Texas,Childress County,2054.3137
Louisiana,Vermilion Parish,21773.604
Texas,Parmer County,240092.5926
Arkansas,Van Buren County,2108.3411
Texas,Gray County,2680.9846
Texas,El Paso County,81336.5781
Louisiana,Catahoula Parish,3198.116
Arkansas,Dallas County,46219.5122
Texas,Wheeler County,1030.3506
Texas,Hall County,1318.8488
Louisiana,Caldwell Parish,8892.994
Louisiana,Saint Charles Parish,19506.8949
Wisconsin,Columbia County,0.085
Louisiana,Tangipahoa Parish,24943.226
New York,New York County,15344.219
Arkansas,Calhoun County,3051.8246
Texas,Real County,3099.8788
Texas,Edwards County,2199.1107
Texas,Bee County,4249.8536
Texas,Lavaca County,9067.1962
New Mexico,Cibola County,1964.2857
Texas,Stonewall County,1084.7586
Oklahoma,Pawnee County,4540.9186
Oklahoma,Cimarron County,750.0
North Carolina,Rutherford County,4300.0
Texas,Matagorda County,7304.8518
Louisiana,Saint Bernard Parish,141422.6519
Texas,Goliad County,5856.551
Oklahoma,Tillman County,718932.0388
Texas,Bandera County,8280.3499
Texas,Fort Bend County,44143.5748
Louisiana,Lafourche Parish,17774.6824
Texas,Walker County,9976.2912
Oklahoma,Texas County,2092.5779
Oklahoma,Washington County,7583.0559
Texas,Lee County,10477.5356
Louisiana,Evangeline Parish,6097.8762
Texas,Hutchinson County,1212.8745
Texas,Jeff Davis County,889.2332
Texas,Llano County,41841.0785
Louisiana,Jefferson Parish,198598.6424
Louisiana,Washington Parish,5443.8659
Texas,Rockwall County,206064.5599
Louisiana,East Feliciana Parish,6819.1965
Texas,Calhoun County,22837.8985
Texas,Webb County,2790.906
Texas,Kent County,1553.508
Oklahoma,Okmulgee County,6948.3964
Texas,Tyler County,3822.1626
Texas,Hunt County,51681.2532
Illinois,Madison County,14834.6991
Louisiana,La Salle Parish,3952.7783
Arkansas,Marion County,5864.4142
Texas,Leon County,6982.8849
Louisiana,Concordia Parish,25116.6966
North Carolina,Henderson County,7500.0
Texas,Zapata County,1700.0846
Texas,Gonzales County,10791.3798
Texas,Dallas County,114621.093
Texas,Chambers County,8786.2887
Louisiana,De Soto Parish,6799.2095
Texas,Hidalgo County,16553.537
California,San Diego County,152698.6551
New York,Albany County,269.0362
Texas,Orange County,8689.2705
Texas,Midland County,75922.4986
Texas,Jefferson County,21173.4778
Texas,Knox County,1055.5007
Texas,Milam County,7768.9333
Louisiana,Allen Parish,4683.6908
Arkansas,Searcy County,3314.575
Texas,Kaufman County,75111.1572
Missouri,Gasconade County,3288.1579
Arizona,Santa Cruz County,1666.6667
Oklahoma,Woodward County,1780.4227
Texas,Aransas County,83338.0831
Texas,Colorado County,12455.4025
Texas,Gaines County,3964.8889
Kentucky,Henderson County,8454.5455
Oregon,Lane County,9254.5315
Oklahoma,Osage County,3000.0512
Texas,Scurry County,3063.2633
Arkansas,Stone County,9469.2557
Texas,Tarrant County,450031.746
Louisiana,Livingston Parish,25948.2741
Oklahoma,Nowata County,2755.3286
Texas,Nolan County,2508.0622
Texas,Willacy County,8363.2367
Arkansas,Fulton County,4092.6063
Texas,Runnels County,3315.5326
Louisiana,East Carroll Parish,513.1888
Texas,Ellis County,10796.883
Louisiana,Orleans Parish,4834.3976
South Dakota,Hughes County,6128.8755
Texas,Terry County,8009.6584
New York,Bronx County,379821.2855
New Mexico,Rio Arriba County,3499.8
Louisiana,Ascension Parish,480759.7243
Arkansas,Benton County,127461.1029
Louisiana,Assumption Parish,66480.8153
Tennessee,Blount County,18558.952
Oklahoma,Kingfisher County,4925.3066
Texas,Cottle County,1187.5147
Texas,Guadalupe County,58020.7175
Texas,Hudspeth County,603.0533
Texas,Potter County,18618.132
Oklahoma,Logan County,225480.1715
Texas,Swisher County,3271.8554
Texas,San Jacinto County,10287.0838
Texas,Starr County,3142.7935
Texas,Glasscock County,6008.1686
Oklahoma,Ellis County,1444.7672
Texas,Polk County,4385.5386
Oklahoma,Lincoln County,3791.8138
Texas,Jasper County,9663.6265
Mississippi,Tate County,4000.0
Missouri,Texas County,7470.0855
Texas,Pecos County,2152.6724
Louisiana,Saint Tammany Parish,45862.8977
